{
    "arabica": [{

            "foto": "https://www.static-src.com/wcsstore/Indraprastha/images/catalog/full//catalog-image/120/MTA-99296868/no-brand_biji-kopi-arabika-gayo-250gram_full01.jpg",
            "nama": "Biji Kopi Arabica",
            "size": "500 Gram",
            "harga": "100.000",
            "link": "https://www.google.com/search?q=kopi+susu+robusta&tbm=shop"
        },
        {
            "foto": "images/produk/product_capuchino.jpg",
            "nama": "Cappuccino Arabica",
            "size": "100 ml",
            "harga": "45.000",
            "link": "https://www.google.com/search?q=cappuccino+arabica&tbm=shop"
        },
        {
            "foto": "images/produk/product_espresso.jpg",
            "nama": "Pahit Arabica",
            "size": "100 ml",
            "harga": "35.000",
            "link": "https://www.google.com/search?q=pahit+arabica&tbm=shop"
        },
        {
            "foto": "images/produk/product_latte.jpg",
            "nama": "Latte Arabica",
            "size": "150 ml",
            "harga": "45.000",
            "link": "https://www.google.com/search?q=latte+arabica&tbm=shop"
        }
    ],
    "robusta": [{

            "foto": "https://img.era.id/Y-aArAmxsZcsNm8jBB3DXeBFry9nTCHRf2LRzI--P4I/rs:fill:1280:720/g:sm/bG9jYWw6Ly8vcHVibGlzaGVycy8xMTkxNzcvMjAyMzAyMjQxMjQ3LW1haW4uY3JvcHBlZF8xNjc3MjE3Njc4LmpwZw.jpg",
            "nama": "Biji Kopi Robusta",
            "size": "500 Gram",
            "harga": "100.000",
            "link": "https://www.google.com/search?q=cappuccino+arabica&tbm=shop"
    },
        {
            "foto": "images/produk/product_kopi_susu.jpg",
            "nama": "Kopsus Robusta",
            "size": "100 ml",
            "harga": "30.000",
            "link": "https://www.google.com/search?q=kopi+susu+robusta&tbm=shop"
        },
        {
            "foto": "images/produk/product_latte.jpg",
            "nama": "Latte Robusta",
            "size": "150 ml",
            "harga": "45.000",
            "link": "https://www.google.com/search?q=latte+robusta&tbm=shop"
        }
    ],
    "nonkopi" : [
    {

            "foto": "https://veganbell.com/wp-content/uploads/2020/08/Iced-Lemon-Tea-3.jpg",
            "nama": "Lemon Ice Tea",
            "size": "100 ml",
            "harga": "35.000",
            "link": "https://www.google.com/search?q=kopi+susu+robusta&tbm=shop"
        },
        {

            "foto": "https://www.hipwee.com/wp-content/uploads/2020/06/hipwee-2bdc5b30b7fa42042ff17b5f4d476528-480x640.jpg",
            "nama": "Strawberry Milky",
            "size": "100 ml",
            "harga": "35.000",
            "link": "https://www.google.com/search?q=kopi+susu+robusta&tbm=shop"
        }
        ]
}